Day,Date,Kickoff (CT),League,Away,Away rank,Home,Home rank,TV,Watchability,Tier,Entertaining (74+),Projected score,Win probability (ESPN),Line,Venue,Weather,Take,Status,Final,Actual watchability
Thu,Oct 1,7:00 PM,College,Western Kentucky,C-USA #10 · #125 overall,New Mexico State,C-USA #3 · #119 overall,CBS Sports Network,58,Background,,WKU 26–30 NMSU,,New Mexico State -1.5 • O/U 55.5,"Las Cruces, NM",,"Fell 6 short of the forecast: decided by 21, out of reach before the 4th.",Final,WKU 13–34 NMSU,52
Thu,Oct 1,7:15 PM,NFL,Pittsburgh Steelers,AFC #9 · #23 overall,Cleveland Browns,AFC #3 · #28 overall,Prime Video,77,Good,Yes,PIT 21–20 CLE,,Steelers -2.5 • O/U 38.5,"Cleveland, OH",,Beat the forecast by 6: a 3-pt finish.,Final,PIT 24–27 CLE,83
Thu,Oct 1,8:00 PM,College,North Texas,American #4 · #69 overall,Tulsa,American #11 · #86 overall,ESPN / ESPN App,67,Watchable,,UNT 28–27 TLSA,,North Texas -3 • O/U 56.5,"Tulsa, OK",,Beat the forecast by 24: it went to overtime and came back from 11 down.,Final,UNT 45–44 TLSA (OT),91
Fri,Oct 2,6:00 PM,College,Pittsburgh,ACC #1 · #23 overall,Virginia Tech,ACC #8 · #38 overall,ESPN / ESPN App,87,Very good,Yes,PITT 26–28 VT,,Virginia Tech -2.5 • O/U 54.5,"Blacksburg, VA",,Lived up to the forecast (87 → 91): Pittsburgh rallied from 14 down and a 2-pt finish.,Final,PITT 35–33 VT,91
Fri,Oct 2,6:00 PM,College,Liberty,C-USA #1 · #72 overall,Delaware,C-USA #8 · #112 overall,CBS Sports Network,59,Background,,LIB 26–21 DEL,,Liberty -6.5 • O/U 49.5,"Newark, DE",,"Fell 13 short of the forecast: decided by 16, out of reach before the 4th and no lead changes.",Final,LIB 30–14 DEL,46
Fri,Oct 2,7:00 PM,College,Penn State,Big Ten #17 · #24 overall,Northwestern,Big Ten #10 · #18 overall,FOX / FOX One,84,Very good,Yes,PSU 24–23 NU,,Penn State -2.5 • O/U 45.5,"Evanston, IL",,"Fell 27 short of the forecast: decided by 21, out of reach before the 4th and no lead changes.",Final,PSU 13–34 NU,57
Sat,Oct 3,10:00 AM,College,Memphis,American #2 · #65 overall,Charlotte,American #13 · #129 overall,ESPN+,50,Background,,MEM 35–20 CLT,,Memphis -20.5 • O/U 52.5,"Charlotte, NC",,"Fell 8 short of the forecast: decided by 51, out of reach before the 4th and no lead changes.",Final,MEM 59–8 CLT,42
Sat,Oct 3,11:00 AM,College,Alabama,SEC #1 · #6 overall,Mississippi State,SEC #5 · #20 overall,ABC / ESPN App,93,Must watch,Yes,ALA 31–28 MSST,,Alabama -5.5 • O/U 60.5,"Starkville, MS",,"Fell 42 short of the forecast: decided by 33, out of reach before the 4th and no lead changes.",Final,ALA 56–23 MSST,51
Sat,Oct 3,11:00 AM,College,Notre Dame,#3 overall,North Carolina,ACC #14 · #51 overall,ESPN / ESPN App,77,Good,Yes,ND 31–16 UNC,,Notre Dame -21 • O/U 46.5,"Chapel Hill, NC",,Fell 20 short of the forecast: an 11-pt final and little doubt in the 4th.,Final,ND 37–26 UNC,57
Sat,Oct 3,11:00 AM,College,UCF,Big 12 #10 · #46 overall,Houston,Big 12 #8 · #28 overall,ESPN2 / ESPN App,74,Good,Yes,UCF 23–31 HOU,,Houston -10.5 • O/U 50.5,"Houston, TX",,Lived up to the forecast (74 → 76): Houston rallied from 17 down.,Final,UCF 17–27 HOU,76
Sat,Oct 3,11:00 AM,College,West Virginia,Big 12 #16 · #59 overall,Iowa State,Big 12 #9 · #55 overall,TNT,68,Watchable,,WVU 26–28 ISU,,Iowa State -3 • O/U 53.5,"Ames, IA",,Beat the forecast by 21: 5 lead changes and a 3-pt finish.,Final,WVU 42–45 ISU,89
Sat,Oct 3,11:00 AM,College,Michigan,Big Ten #16 · #22 overall,Minnesota,Big Ten #2 · #61 overall,FOX / FOX One,68,Watchable,,MICH 23–21 MINN,,Michigan -6 • O/U 43.5,"Minneapolis, MN",,Beat the forecast by 11: Minnesota won as a 24% underdog.,Final,MICH 14–20 MINN,79
Sat,Oct 3,11:00 AM,College,Syracuse,ACC #16 · #63 overall,UConn,#97 overall,CBS Sports Network,59,Background,,SYR 28–24 CONN,,Syracuse -6.5 • O/U 50.5,"East Hartford, CT",,Beat the forecast by 33: it went to overtime and 4 lead changes.,Final,SYR 42–41 CONN (OT),92
Sat,Oct 3,11:00 AM,College,Boston College,ACC #17 · #87 overall,SMU,ACC #6 · #37 overall,The CW,59,Background,,BC 20–35 SMU,,SMU -21 • O/U 55.5,"Dallas, TX",,Lived up to the forecast (59 → 56): a 9-pt final and little doubt in the 4th.,Final,BC 16–25 SMU,56
Sat,Oct 3,11:00 AM,College,Navy,American #14 · #96 overall,Air Force,Mountain West #4 · #88 overall,CBS / Paramount+,59,Background,,NAVY 23–26 AFA,,Air Force -3 • O/U 45.5,"USAF Academy, CO",,Beat the forecast by 8: Air Force won by 5.,Final,NAVY 9–14 AFA,67
Sat,Oct 3,11:00 AM,College,Stanford,ACC #11 · #92 overall,Wake Forest,ACC #7 · #49 overall,ACC Network / ESPN App,56,Background,,STAN 21–33 WAKE,,Wake Forest -14.5 • O/U 53.5,"Winston-Salem, NC",,"Fell 14 short of the forecast: decided by 54, out of reach before the 4th and no lead changes.",Final,STAN 3–57 WAKE,42
Sat,Oct 3,11:00 AM,College,Middle Tennessee,C-USA #9 · #124 overall,Kansas,Big 12 #14 · #71 overall,ESPNU / ESPN App,50,Background,,MTSU 20–34 KU,,Kansas -20.5 • O/U 51.5,"Lawrence, KS",,"Fell 9 short of the forecast: decided by 55, out of reach before the 4th and no lead changes.",Final,MTSU 0–55 KU,41
Sat,Oct 3,11:30 AM,College,Michigan State,Big Ten #18 · #56 overall,Wisconsin,Big Ten #3 · #43 overall,BTN / FOX One,68,Watchable,,MSU 20–27 WIS,,Wisconsin -8.5 • O/U 43.5,"Madison, WI",,"Fell 25 short of the forecast: decided by 28, out of reach before the 4th and no lead changes.",Final,MSU 3–31 WIS,43
Sat,Oct 3,11:45 AM,College,Vanderbilt,SEC #14 · #53 overall,Georgia,SEC #2 · #1 overall,SEC Network / ESPN App,76,Good,Yes,VAN 16–37 UGA,,Georgia -25.5 • O/U 50.5,"Athens, GA",,"Fell 27 short of the forecast: decided by 24, out of reach before the 4th and no lead changes.",Final,VAN 14–38 UGA,49
Sat,Oct 3,12:00 PM,College,Western Michigan,MAC #2 · #80 overall,Buffalo,MAC #11 · #131 overall,ESPN+,49,Background,,WMU 28–20 BUFF,,Western Michigan -12.5 • O/U 45.5,"Buffalo, NY",,Beat the forecast by 33: a 3-pt finish and still in doubt deep into the 4th.,Final,WMU 20–17 BUFF,82
Sat,Oct 3,1:00 PM,College,Toledo,MAC #5 · #62 overall,Ball State,MAC #12 · #136 overall,ESPN+,48,Background,,TOL 35–20 BALL,TOL 93% / BALL 7%,Toledo -20.5 • O/U 52.5,"Muncie, IN","Sunny · 65°F at kickoff, 66°F late",Toledo has won four straight over Ball State,Upcoming,,
Sat,Oct 3,2:30 PM,College,Ohio State,Big Ten #7 · #2 overall,Iowa,Big Ten #5 · #26 overall,CBS / Paramount+,88,Very good,Yes,OSU 28–20 IOWA,OSU 86% / IOWA 14%,Ohio State -14.5 • O/U 46.5,"Iowa City, IA",Sunny · 65°F at kickoff,No. 5 Ohio State visits unbeaten No. 14 Iowa with 50+ points of playoff odds on the line,Upcoming,,
Sat,Oct 3,2:30 PM,College,Auburn,SEC #7 · #25 overall,Tennessee,SEC #11 · #11 overall,ESPN / ESPN App,86,Very good,Yes,AUB 24–30 TENN,AUB 32% / TENN 68%,Tennessee -6 • O/U 54.5,"Knoxville, TN",Cloudy · 75°F at kickoff,"No. 17 Tennessee hosts Auburn, which leads this old series 29–22–3",Upcoming,,
Sat,Oct 3,2:30 PM,College,Virginia,ACC #5 · #27 overall,Florida State,ACC #12 · #42 overall,ESPN2 / ESPN App,78,Good,Yes,UVA 28–26 FSU,UVA 55% / FSU 45%,Virginia -1.5 • O/U 51.5,"Tallahassee, FL","Hot · 83°F at kickoff, 84°F late, rain 13%→24% (moderate impact)",Virginia is favored at Florida State after last year's 46–38 shootout,Upcoming,,
Sat,Oct 3,2:30 PM,College,Louisville,ACC #10 · #31 overall,NC State,ACC #13 · #58 overall,ACC Network / ESPN App,69,Watchable,,LOU 28–26 NCSU,LOU 67% / NCSU 34%,Louisville -5.5 • O/U 56.5,"Raleigh, NC","Rain likely · 70°F at kickoff, 67°F late, 69% rain, gusts 20 mph (high impact)","Louisville at NC State, one of the week's higher college totals",Upcoming,,
Sat,Oct 3,2:30 PM,College,California,ACC #9 · #77 overall,UNLV,Mountain West #2 · #81 overall,CBS Sports Network,65,Watchable,,CAL 24–26 UNLV,CAL 45% / UNLV 55%,UNLV -1.5 • O/U 51.5,"Las Vegas, NV",Indoor / roof · no weather factor,Cal visits UNLV under the roof in a near pick'em,Upcoming,,
Sat,Oct 3,2:30 PM,College,Old Dominion,#108 overall,Georgia State,#100 overall,ESPN+,59,Background,,ODU 24–28 GAST,ODU 45% / GAST 55%,Georgia State -1.5 • O/U 51.5,"Atlanta, GA","Cloudy · 82°F at kickoff, 78°F late",Old Dominion has won three straight against Georgia State,Upcoming,,
Sat,Oct 3,2:30 PM,College,Ohio,MAC #8 · #110 overall,Kent State,MAC #3 · #135 overall,ESPN+,54,Background,,OHIO 28–24 KENT,OHIO 61% / KENT 39%,Ohio -3.5 • O/U 50.5,"Kent, OH","Cloudy · 62°F at kickoff, 69°F late",Ohio beat Kent State 41–0 the last time they met,Upcoming,,
Sat,Oct 3,2:30 PM,College,Eastern Michigan,MAC #4 · #130 overall,Massachusetts,MAC #1 · #103 overall,ESPN+,53,Background,,EMU 21–28 MASS,EMU 34% / MASS 67%,Massachusetts -5.5 • O/U 49.5,"Amherst, MA","Sunny · 63°F at kickoff, 60°F late","4-0 UMass hosts Eastern Michigan, winners of the last four meetings",Upcoming,,
Sat,Oct 3,2:30 PM,College,Wyoming,Mountain West #3 · #126 overall,North Dakota State,Mountain West #1 · #70 overall,The CW,51,Background,,WYO 16–31 NDSU,WYO 10% / NDSU 90%,North Dakota State -17.5 • O/U 44.5,"Fargo, ND",Indoor / roof · no weather factor,Wyoming visits unbeaten North Dakota State in the Fargodome,Upcoming,,
Sat,Oct 3,2:30 PM,College,Akron,MAC #9 · #132 overall,Central Michigan,MAC #6 · #127 overall,ESPN+,49,Background,,AKR 21–26 CMU,AKR 31% / CMU 69%,Central Michigan -6.5 • O/U 47.5,"Mount Pleasant, MI","Sunny · 62°F at kickoff, 59°F late",Akron beat Central Michigan 28–22 last year,Upcoming,,
Sat,Oct 3,2:30 PM,College,Bowling Green,MAC #10 · #134 overall,Miami (OH),MAC #7 · #101 overall,ESPN+,48,Background,,BGSU 17–28 M-OH,BGSU 21% / M-OH 79%,Miami (OH) -10.5 • O/U 41.5,"Oxford, OH","Partly cloudy · 79°F at kickoff, 78°F late",Winless Bowling Green at Miami (OH),Upcoming,,
Sat,Oct 3,2:30 PM,College,Samford,,UAB,American #5 · #121 overall,ESPN+,26,Background,,SAM 16–37 UAB,SAM 2% / UAB 98%,UAB -30.5 • O/U 54.5,"Birmingham, AL","Cloudy · 87°F at kickoff, 80°F late",FCS Samford at UAB,Upcoming,,
Sat,Oct 3,2:45 PM,College,Marshall,#122 overall,James Madison,#48 overall,ESPNU / ESPN App,61,Background,,MRSH 21–35 JMU,MRSH 14% / JMU 86%,James Madison -14.5 • O/U 55.5,"Harrisonburg, VA","Chance of showers · 58°F at kickoff, 57°F late, 34% rain","Unbeaten James Madison hosts Marshall, which leads the series 4–2",Upcoming,,
Sat,Oct 3,2:50 PM,College,Florida,SEC #3 · #10 overall,Missouri,SEC #10 · #35 overall,ABC / ESPN App,93,Must watch,Yes,FLA 31–27 MIZ,FLA 67% / MIZ 34%,Florida -5.5 • O/U 57.5,"Columbia, MO","Chance of showers · 83°F at kickoff, 82°F late, rain 32%→35%",No. 8 Florida at No. 25 Missouri; Mizzou leads the series 7–6,Upcoming,,
Sat,Oct 3,3:00 PM,College,Maryland,Big Ten #13 · #75 overall,Nebraska,Big Ten #6 · #14 overall,FS1 / FOX One,67,Watchable,,MD 20–34 NEB,MD 13% / NEB 87%,Nebraska -15.5 • O/U 52.5,"Lincoln, NE","Sunny · 69°F at kickoff, 67°F late, gusts 18 mph",Unbeaten Nebraska hosts Maryland after a 34–31 game last year,Upcoming,,
Sat,Oct 3,3:00 PM,College,UTEP,Mountain West #7 · #133 overall,New Mexico,Mountain West #5 · #52 overall,Mountain West Network (MW+),50,Background,,UTEP 14–35 UNM,UTEP 5% / UNM 95%,New Mexico -23.5 • O/U 47.5,"Albuquerque, NM","Sunny · 73°F at kickoff, 76°F late",UTEP wants payback for 27–10,Upcoming,,
Sat,Oct 3,3:15 PM,College,Kentucky,SEC #8 · #36 overall,South Carolina,SEC #15 · #33 overall,SEC Network / ESPN App,77,Good,Yes,UK 26–28 SC,UK 42% / SC 58%,South Carolina -2.5 • O/U 52.5,"Columbia, SC","Chance of showers · 83°F at kickoff, 80°F late, rain 29%→35%",No. 24 Kentucky needs to end a four-game skid against South Carolina to stay ranked,Upcoming,,
Sat,Oct 3,3:15 PM,College,Purdue,Big Ten #14 · #83 overall,Illinois,Big Ten #12 · #45 overall,BTN / FOX One,59,Background,,PUR 26–35 ILL,PUR 19% / ILL 81%,Illinois -10 • O/U 62.5,"Champaign, IL","Sunny · 70°F at kickoff, 66°F late",Purdue at Illinois: the top college total and a 48–47–6 series,Upcoming,,
Sat,Oct 3,5:00 PM,College,Oregon State,Pac-12 #4 · #66 overall,Colorado State,Pac-12 #3 · #93 overall,USA Network,63,Background,,ORST 33–30 CSU,ORST 61% / CSU 39%,Oregon State -7 • O/U 62.5,"Fort Collins, CO","Sunny · 82°F at kickoff, 70°F late, gusts 22 mph","Oregon State at Colorado State, one of the week's highest college totals",Upcoming,,
Sat,Oct 3,5:00 PM,College,Texas Southern,,Florida Atlantic,American #3 · #102 overall,ESPN+,28,Background,,TXSO 14–48 FAU,TXSO 2% / FAU 98%,Florida Atlantic -47.5 • O/U 62.5,"Boca Raton, FL","Cloudy · 83°F at kickoff, 80°F late",FCS Texas Southern at Florida Atlantic,Upcoming,,
Sat,Oct 3,6:00 PM,College,BYU,Big 12 #4 · #16 overall,TCU,Big 12 #15 · #47 overall,ESPN / ESPN App,81,Good,Yes,BYU 27–23 TCU,BYU 71% / TCU 30%,BYU -6 • O/U 47.5,"Fort Worth, TX","Chance of showers · 72°F at kickoff, 71°F late, 45% rain","No. 10 BYU at TCU, a year after a 44–13 BYU rout",Upcoming,,
Sat,Oct 3,6:00 PM,College,Arkansas,SEC #12 · #60 overall,Texas A&M,SEC #16 · #15 overall,ESPN2 / ESPN App,65,Watchable,,ARK 20–31 TA&M,ARK 13% / TA&M 87%,Texas A&M -14 • O/U 50.5,"College Station, TX","Cloudy · 79°F at kickoff, 75°F late, 35% rain, gusts 22 mph","Texas A&M has won four straight over Arkansas, including a 45–42 thriller last year",Upcoming,,
Sat,Oct 3,6:00 PM,College,Georgia Southern,#99 overall,Coastal Carolina,#116 overall,ESPN+,58,Background,,GASO 27–26 CCU,GASO 57% / CCU 43%,Georgia Southern -2.5 • O/U 52.5,"Conway, SC","Cloudy · 71°F at kickoff, 69°F late",Georgia Southern has won three straight over Coastal — 2025 was 45–40,Upcoming,,
Sat,Oct 3,6:00 PM,College,UTSA,American #7 · #68 overall,Rice,American #10 · #123 overall,ESPN+,53,Background,,UTSA 31–23 RICE,UTSA 81% / RICE 19%,UTSA -12.5 • O/U 55.5,"Houston, TX","Rain likely · 82°F at kickoff, 76°F late, rain 35%→54%, gusts 20 mph (moderate impact)",UTSA won by 48 against Rice last year,Upcoming,,
Sat,Oct 3,6:00 PM,College,UL Monroe,#137 overall,South Alabama,#106 overall,ESPN+,43,Background,,ULM 23–35 USA,ULM 10% / USA 90%,South Alabama -13.5 • O/U 57.5,"Mobile, AL","Cloudy · 80°F at kickoff, 77°F late, rain 38%→49%, gusts 18 mph","Winless UL Monroe visits South Alabama, winners of four straight in the series",Upcoming,,
Sat,Oct 3,6:30 PM,College,Miami (FL),ACC #2 · #5 overall,Clemson,ACC #3 · #40 overall,ABC / ESPN App,82,Very good,Yes,MIA 31–17 CLEM,MIA 87% / CLEM 13%,Miami (FL) -15.5 • O/U 48.5,"Clemson, SC","Chance of showers · 79°F at kickoff, 73°F late, rain 32%→36%",No. 4 Miami (FL) visits Clemson as a two-touchdown-plus favorite,Upcoming,,
Sat,Oct 3,6:30 PM,College,Texas Tech,Big 12 #2 · #13 overall,Colorado,Big 12 #13 · #67 overall,FOX / FOX One,77,Good,Yes,TTU 30–20 COLO,TTU 86% / COLO 14%,Texas Tech -13.5 • O/U 49.5,"Boulder, CO","Clear night · 82°F at kickoff, 67°F late, gusts 18 mph",No. 12 Texas Tech brings a 4-0 start to Boulder,Upcoming,,
Sat,Oct 3,6:30 PM,College,Washington,Big Ten #11 · #54 overall,USC,Big Ten #9 · #17 overall,NBC / Peacock,69,Watchable,,WASH 26–33 USC,WASH 16% / USC 84%,USC -7.5 • O/U 58.5,"Los Angeles, CA","Clear night · 96°F at kickoff, 85°F late",No. 18 USC tries to stop a three-game skid against Washington,Upcoming,,
Sat,Oct 3,6:30 PM,College,Army,American #6 · #79 overall,Louisiana Tech,#94 overall,ESPN+,65,Watchable,,ARMY 24–26 LT,ARMY 51% / LT 49%,Louisiana Tech -1.5 • O/U 47.5,"Ruston, LA","Cloudy · 83°F at kickoff, 78°F late",Army has won all three meetings with Louisiana Tech,Upcoming,,
Sat,Oct 3,6:30 PM,College,Utah State,Pac-12 #7 · #95 overall,Boise State,Pac-12 #1 · #29 overall,CBS Sports Network,64,Watchable,,USU 17–33 BOIS,USU 8% / BOIS 92%,Boise State -19.5 • O/U 51.5,"Boise, ID","Clear night · 84°F at kickoff, 73°F late",No. 22 Boise State hosts Utah State after surviving 25–24 last year,Upcoming,,
Sat,Oct 3,6:30 PM,College,Temple,American #12 · #89 overall,South Florida,American #1 · #74 overall,ESPNU / ESPN App,60,Background,,TEM 21–27 USF,TEM 30% / USF 70%,South Florida -5.5 • O/U 48.5,"Tampa, FL","Hot · 85°F at kickoff, 80°F late, 41% rain (moderate impact)","Unbeaten South Florida hosts Temple, which leads the series 6–4",Upcoming,,
Sat,Oct 3,6:45 PM,College,McNeese,,LSU,SEC #9 · #8 overall,SEC Network / ESPN App,50,Background,,MCN 10–48 LSU,MCN 0% / LSU 100%,LSU -53.5 • O/U 62.5,"Baton Rouge, LA","Cloudy · 78°F at kickoff, 76°F late, 29% rain, gusts 20 mph",No. 11 LSU hosts FCS McNeese at night,Upcoming,,
Sat,Oct 3,7:00 PM,College,Indiana,Big Ten #4 · #7 overall,Rutgers,Big Ten #15 · #84 overall,BTN / FOX One,72,Watchable,,IU 37–20 RUTG,IU 96% / RUTG 4%,Indiana -24.5 • O/U 56.5,"Piscataway, NJ","Clear night · 61°F at kickoff, 58°F late","No. 6 Indiana at Rutgers, who won the last three meetings",Upcoming,,
Sat,Oct 3,7:00 PM,College,Arkansas State,#109 overall,Louisiana,#82 overall,ESPN+,54,Background,,ARST 23–28 UL,ARST 25% / UL 76%,Louisiana -6 • O/U 49.5,"Lafayette, LA","Cloudy · 78°F at kickoff, 76°F late, 24% rain, gusts 21 mph",Sun Belt West leader Louisiana hosts Arkansas State,Upcoming,,
Sat,Oct 3,8:30 PM,College,Fresno State,Pac-12 #2 · #73 overall,Washington State,Pac-12 #8 · #98 overall,USA Network,62,Background,,FRES 23–24 WSU,FRES 62% / WSU 38%,Washington State -2.5 • O/U 44.5,"Pullman, WA","Clear night · 71°F at kickoff, 59°F late",Pac-12 co-leader Fresno State visits Pullman as a slight underdog,Upcoming,,
Sat,Oct 3,9:30 PM,College,Baylor,Big 12 #5 · #39 overall,Arizona State,Big 12 #7 · #57 overall,ESPN / ESPN App,76,Good,Yes,BAY 24–27 ASU,BAY 53% / ASU 47%,Arizona State -3.5 • O/U 48.5,"Tempe, AZ","Clear night · 87°F at kickoff, 80°F late",Late-night Big 12: Arizona State won last year's meeting 27–24,Upcoming,,
Sat,Oct 3,9:30 PM,College,Texas State,Pac-12 #5 · #76 overall,San Diego State,Pac-12 #6 · #90 overall,The CW,66,Watchable,,TXST 33–26 SDSU,TXST 52% / SDSU 48%,Texas State -9.5 • O/U 57.5,"San Diego, CA","Clear night · 81°F at kickoff, 78°F late",Late-night first meeting: Texas State at San Diego State,Upcoming,,
Sat,Oct 3,10:00 PM,College,Cincinnati,Big 12 #1 · #41 overall,Arizona,Big 12 #11 · #50 overall,FOX / FOX One,76,Good,Yes,CIN 26–30 ARIZ,CIN 44% / ARIZ 56%,Arizona -7 • O/U 55.5,"Tucson, AZ","Clear night · 80°F at kickoff, 75°F late, gusts 21 mph",Unbeaten Cincinnati tries to crash the poll in a late Tucson kickoff,Upcoming,,
Sat,Oct 3,10:59 PM,College,San José State,Mountain West #6 · #120 overall,Hawai'i,Mountain West #10 · #111 overall,Mountain West Network (MW+),52,Background,,SJSU 24–26 HAW,SJSU 33% / HAW 67%,Hawai'i -2.5 • O/U 50.5,"Honolulu, HI","Clear night · 79°F at kickoff, 76°F late, gusts 24 mph",Late-night kickoff in Honolulu: San José State has won five straight,Upcoming,,
Sun,Oct 4,8:30 AM,NFL,Indianapolis Colts,AFC #12 · #19 overall,Washington Commanders,NFC #11 · #24 overall,NFL Network,75,Good,Yes,IND 26–23 WSH,IND 57% / WSH 43%,Colts -4.5 • O/U 46.5,"London, England (neutral site)","Sunny · 69°F at kickoff, 71°F late",Early wake-up call: Colts vs. Commanders in London at 8:30 CT,Upcoming,,
Sun,Oct 4,12:00 PM,NFL,Jacksonville Jaguars,AFC #4 · #4 overall,Cincinnati Bengals,AFC #8 · #10 overall,CBS / Paramount+,88,Very good,Yes,JAX 24–26 CIN,JAX 55% / CIN 45%,Bengals -2.5 • O/U 51.5,"Cincinnati, OH","Cloudy · 72°F at kickoff, 75°F late","AFC division leaders meet: FPI's No. 4 Jaguars at Cincinnati, with the week's top total",Upcoming,,
Sun,Oct 4,12:00 PM,NFL,Los Angeles Rams,NFC #9 · #6 overall,Philadelphia Eagles,NFC #3 · #16 overall,FOX / FOX One,87,Very good,Yes,LAR 23–20 PHI,LAR 64% / PHI 36%,Rams -3.5 • O/U 42.5,"Philadelphia, PA","Cloudy · 64°F at kickoff, 62°F late, 34% rain, gusts 19 mph","The Rams visit Philly, where the Eagles have won the last four meetings",Upcoming,,
Sun,Oct 4,12:00 PM,NFL,Dallas Cowboys,NFC #10 · #8 overall,Houston Texans,AFC #16 · #13 overall,FOX / FOX One,87,Very good,Yes,DAL 23–24 HOU,DAL 55% / HOU 45%,Texans -3 • O/U 48.5,"Houston, TX",Indoor / roof · no weather factor,"Dallas at Houston under the roof, with only a field goal between them",Upcoming,,
Sun,Oct 4,12:00 PM,NFL,New England Patriots,AFC #11 · #15 overall,Buffalo Bills,AFC #2 · #5 overall,CBS / Paramount+,82,Very good,Yes,NE 21–27 BUF,NE 29% / BUF 71%,Bills -7 • O/U 49.5,"Orchard Park, NY","Sunny · 66°F at kickoff, 69°F late, gusts 22 mph",New England won two of three against Buffalo last season; now the Bills are touchdown favorites,Upcoming,,
Sun,Oct 4,12:00 PM,NFL,New York Jets,AFC #10 · #25 overall,Chicago Bears,NFC #6 · #14 overall,FOX / FOX One,75,Good,Yes,NYJ 20–24 CHI,NYJ 32% / CHI 68%,Bears -3.5 • O/U 43.5,"Chicago, IL","Sunny · 66°F at kickoff, 67°F late",Caleb Williams and the 2-1 Bears host the Jets,Upcoming,,
Sun,Oct 4,12:00 PM,NFL,Tennessee Titans,AFC #15 · #29 overall,Baltimore Ravens,AFC #6 · #7 overall,CBS / Paramount+,65,Watchable,,TEN 17–26 BAL,TEN 16% / BAL 84%,Ravens -11.5 • O/U 42.5,"Baltimore, MD",Cloudy · 63°F at kickoff,Derrick Henry's Ravens are double-digit favorites over the winless Titans,Upcoming,,
Sun,Oct 4,12:00 PM,NFL,Green Bay Packers,NFC #14 · #18 overall,Tampa Bay Buccaneers,NFC #16 · #31 overall,FOX / FOX One,63,Background,,GB 21–20 TB,GB 68% / TB 32%,Packers -3 • O/U 38.5,"Tampa, FL","Hot · 84°F at kickoff, 86°F late (moderate impact)",Winless Tampa Bay hosts the Packers in heat that feels like the upper 90s,Upcoming,,
Sun,Oct 4,12:00 PM,NFL,Arizona Cardinals,NFC #15 · #27 overall,New York Giants,NFC #8 · #30 overall,CBS / Paramount+,61,Background,,ARI 23–21 NYG,ARI 53% / NYG 47%,Cardinals -2.5 • O/U 44.5,"East Rutherford, NJ","Chance of showers · 64°F at kickoff, rain 5%→31%","Cardinals at Giants: two long shots, and the line has flipped to Arizona",Upcoming,,
Sun,Oct 4,3:05 PM,NFL,Miami Dolphins,AFC #13 · #32 overall,Minnesota Vikings,NFC #1 · #12 overall,FOX / FOX One,64,Watchable,,MIA 14–24 MIN,MIA 17% / MIN 84%,Vikings -10 • O/U 38.5,"Minneapolis, MN",Indoor / roof · no weather factor,Unbeaten Vikings host a winless Dolphins team FPI ranks last,Upcoming,,
Sun,Oct 4,3:25 PM,NFL,Kansas City Chiefs,AFC #1 · #2 overall,Las Vegas Raiders,AFC #5 · #22 overall,CBS / Paramount+,85,Very good,Yes,KC 24–23 LV,KC 70% / LV 30%,Chiefs -4.5 • O/U 47.5,"Las Vegas, NV",Indoor / roof · no weather factor,Chiefs at Raiders in Vegas; Las Vegas won the teams' last meeting 14–12,Upcoming,,
Sun,Oct 4,3:25 PM,NFL,Denver Broncos,AFC #7 · #11 overall,San Francisco 49ers,NFC #2 · #1 overall,CBS / Paramount+,81,Good,Yes,DEN 21–26 SF,DEN 22% / SF 78%,49ers -3 • O/U 47.5,"Santa Clara, CA","Cloudy · 93°F at kickoff, 86°F late",FPI's No. 1 49ers host Bo Nix and a Denver team with real playoff stakes,Upcoming,,
Sun,Oct 4,3:25 PM,NFL,Los Angeles Chargers,AFC #14 · #17 overall,Seattle Seahawks,NFC #7 · #3 overall,CBS / Paramount+,79,Good,Yes,LAC 17–24 SEA,LAC 26% / SEA 74%,Seahawks -7 • O/U 42.5,"Seattle, WA","Partly cloudy · 67°F at kickoff, 70°F late",Justin Herbert's winless Chargers visit the FPI No. 3 Seahawks,Upcoming,,
Sun,Oct 4,7:20 PM,NFL,Detroit Lions,NFC #5 · #9 overall,Carolina Panthers,NFC #4 · #21 overall,NBC / Peacock,84,Very good,Yes,DET 26–24 CAR,DET 61% / CAR 39%,Lions -3.5 • O/U 50.5,"Charlotte, NC","Showers · 66°F at kickoff, 63°F late, rain 24%→25%",Sunday night in Charlotte: Detroit is favored against the NFC South co-leader Panthers,Upcoming,,
Mon,Oct 5,7:15 PM,NFL,Atlanta Falcons,NFC #13 · #26 overall,New Orleans Saints,NFC #12 · #20 overall,ESPN / ESPN App,76,Good,Yes,ATL 23–26 NO,ATL 37% / NO 63%,Saints -2.5 • O/U 47.5,"New Orleans, LA",Indoor / roof · no weather factor,Monday night NFC South: the Falcons swept the Saints last season and lead the series 58–56,Upcoming,,
